doc_key,span_idx,span_start,span_end,antecedent_rank,antecedent_score,antecedent_idx,antecedent_start,antecedent_end
bn/pri/00/pri_0099_0,10,22,36,1,53.372093200683594,4,6,20
bn/pri/00/pri_0099_0,15,45,46,1,82.40032958984375,0,1,2
bn/pri/00/pri_0099_0,16,48,48,1,89.4216537475586,10,22,36
bn/pri/00/pri_0099_0,16,48,48,2,68.57292175292969,4,6,20
bn/pri/00/pri_0099_0,16,48,48,3,10.579516410827637,12,25,36
bn/pri/00/pri_0099_0,22,69,69,1,75.60163116455078,0,1,2
bn/pri/00/pri_0099_0,22,69,69,2,53.64179229736328,15,45,46
