doc_key,span_idx,span_start,span_end,antecedent_rank,antecedent_score,antecedent_idx,antecedent_start,antecedent_end
bn/voa/00/voa_0029_0,15,27,28,1,71.45303344726562,3,5,5
bn/voa/00/voa_0029_0,15,27,28,2,3.449911117553711,4,5,14
bn/voa/00/voa_0029_0,28,82,85,1,77.41111755371094,11,18,25
bn/voa/00/voa_0029_0,35,96,96,1,62.390899658203125,11,18,25
bn/voa/00/voa_0029_0,35,96,96,2,56.57556915283203,28,82,85
bn/voa/00/voa_0029_0,41,109,111,1,43.508628845214844,32,87,93
bn/voa/00/voa_0029_0,60,156,156,1,50.36381149291992,10,16,16
bn/voa/00/voa_0029_0,75,188,188,1,80.54220581054688,73,183,185
