doc_key,span_idx,span_start,span_end,antecedent_rank,antecedent_score,antecedent_idx,antecedent_start,antecedent_end
bn/voa/02/voa_0209_0,1,6,6,1,42.332603454589844,0,2,2
bn/voa/02/voa_0209_0,14,32,36,1,90.24732208251953,2,8,14
bn/voa/02/voa_0209_0,20,47,48,1,40.51405715942383,9,20,22
bn/voa/02/voa_0209_0,26,62,63,1,30.292652130126953,9,20,22
bn/voa/02/voa_0209_0,26,62,63,2,21.685794830322266,20,47,48
bn/voa/02/voa_0209_0,28,66,67,1,52.027015686035156,12,26,30
bn/voa/02/voa_0209_0,28,66,67,2,44.21101379394531,18,41,49
bn/voa/02/voa_0209_0,28,66,67,3,12.619129180908203,19,41,59
