doc_key, span_idx, span_start, span_end, antecedent_rank, antecedent_score, antecedent_idx, antecedent_start, antecedent_end
mz/sinorama/10/ectb_1039_0, 5, 15, 22, 1, 3.744600296020508, 4, 6, 11
mz/sinorama/10/ectb_1039_0, 14, 38, 38, 1, 74.19719696044922, 11, 25, 35
mz/sinorama/10/ectb_1039_0, 17, 54, 55, 1, 67.99625396728516, 14, 38, 38
mz/sinorama/10/ectb_1039_0, 17, 54, 55, 2, 66.51752471923828, 11, 25, 35
mz/sinorama/10/ectb_1039_0, 33, 78, 79, 1, 36.84988021850586, 2, 3, 4
