doc_key, span_idx, span_start, span_end, antecedent_rank, antecedent_score, antecedent_idx, antecedent_start, antecedent_end
bc/cnn/00/cnn_0008_15, 21, 34, 34, 1, 59.661075592041016, 12, 14, 15
bc/cnn/00/cnn_0008_15, 21, 34, 34, 2, 1.2402763366699219, 13, 14, 32
bc/cnn/00/cnn_0008_15, 41, 74, 74, 1, 37.35490798950195, 31, 55, 61
bc/cnn/00/cnn_0008_15, 54, 111, 112, 1, 9.382990837097168, 34, 64, 68
bc/cnn/00/cnn_0008_15, 57, 121, 124, 1, 19.090572357177734, 9, 8, 9
bc/cnn/00/cnn_0008_15, 69, 166, 168, 1, 44.26435089111328, 37, 70, 72
bc/cnn/00/cnn_0008_15, 75, 174, 174, 1, 50.936710357666016, 72, 170, 171
bc/cnn/00/cnn_0008_15, 85, 202, 202, 1, 19.95391273498535, 83, 197, 197
bc/cnn/00/cnn_0008_15, 94, 237, 237, 1, 32.824127197265625, 90, 226, 232
