doc_key, span_idx, span_start, span_end, antecedent_rank, antecedent_score, antecedent_idx, antecedent_start, antecedent_end
wb/c2e/00/c2e_0019_2, 41, 89, 89, 1, 21.13547134399414, 11, 23, 26
wb/c2e/00/c2e_0019_2, 56, 121, 121, 1, 30.90962028503418, 51, 113, 116
wb/c2e/00/c2e_0019_2, 57, 124, 124, 1, 38.895164489746094, 56, 121, 121
wb/c2e/00/c2e_0019_2, 57, 124, 124, 2, 30.994029998779297, 51, 113, 116
wb/c2e/00/c2e_0019_2, 60, 142, 142, 1, 33.72993469238281, 1, 5, 5
wb/c2e/00/c2e_0019_2, 89, 244, 246, 1, 7.256613731384277, 11, 23, 26
wb/c2e/00/c2e_0019_2, 102, 275, 281, 1, 11.23588752746582, 60, 142, 142
wb/c2e/00/c2e_0019_2, 102, 275, 281, 2, 7.704390525817871, 1, 5, 5
