doc_key,span_idx,span_start,span_end,antecedent_rank,antecedent_score,antecedent_idx,antecedent_start,antecedent_end
bn/cnn/00/cnn_0079_0,8,15,15,1,62.88101577758789,0,1,6
bn/cnn/00/cnn_0079_0,16,36,41,1,67.17174530029297,10,18,25
bn/cnn/00/cnn_0079_0,29,66,66,1,41.691375732421875,21,46,60
bn/cnn/00/cnn_0079_0,32,74,75,1,65.69452667236328,14,32,41
bn/cnn/00/cnn_0079_0,33,77,77,1,75.50182342529297,29,66,66
bn/cnn/00/cnn_0079_0,33,77,77,2,47.83051300048828,21,46,60
bn/cnn/00/cnn_0079_0,35,87,87,1,62.47569274902344,5,12,12
