doc_key,span_idx,span_start,span_end,antecedent_rank,antecedent_score,antecedent_idx,antecedent_start,antecedent_end
bn/cnn/01/cnn_0169_0,12,23,23,1,28.656103134155273,0,1,20
bn/cnn/01/cnn_0169_0,14,27,28,1,51.92139434814453,12,23,23
bn/cnn/01/cnn_0169_0,14,27,28,2,31.200130462646484,0,1,20
bn/cnn/01/cnn_0169_0,23,52,53,1,51.16359329223633,1,4,19
bn/cnn/01/cnn_0169_0,31,69,71,1,57.429237365722656,23,52,53
bn/cnn/01/cnn_0169_0,31,69,71,2,52.25009536743164,1,4,19
bn/cnn/01/cnn_0169_0,34,81,87,1,32.52669906616211,3,9,9
bn/cnn/01/cnn_0169_0,34,81,87,2,0.9914646148681641,4,9,19
